policy_family,intervention_count,fpr_budget,tp,fp,tn,fn,precision,recall,fpr,intervention_rate,verify_count,review_count,hold_count,loss_avoided,intervention_cost,net_value
LOW_FRICTION,490,0.0025,338,152,85387,2704,0.689795918367347,0.1111111111111111,0.0017769672313213856,0.005531660288323681,490,0,0,51510.024000000005,9800.0,41710.024000000005
LOW_FRICTION,491,0.0025,338,153,85386,2704,0.6883910386965377,0.1111111111111111,0.001788657805211658,0.005542949390952913,491,0,0,51510.024000000005,9820.0,41690.024000000005
LOW_FRICTION,492,0.0025,338,154,85385,2704,0.6869918699186992,0.1111111111111111,0.0018003483791019302,0.005554238493582145,492,0,0,51510.024000000005,9840.0,41670.024000000005
LOW_FRICTION,493,0.0025,338,155,85384,2704,0.6855983772819473,0.1111111111111111,0.0018120389529922025,0.005565527596211377,493,0,0,51510.024000000005,9860.0,41650.024000000005
LOW_FRICTION,494,0.0025,338,156,85383,2704,0.6842105263157895,0.1111111111111111,0.0018237295268824746,0.00557681669884061,494,0,0,51510.024000000005,9880.0,41630.024000000005
LOW_FRICTION,495,0.0025,339,156,85383,2703,0.6848484848484848,0.11143984220907298,0.0018237295268824746,0.005588105801469841,495,0,0,51542.288799999995,9900.0,41642.288799999995
LOW_FRICTION,496,0.0025,340,156,85383,2702,0.6854838709677419,0.11176857330703485,0.0018237295268824746,0.005599394904099073,496,0,0,51592.6536,9920.0,41672.6536
LOW_FRICTION,497,0.0025,340,157,85382,2702,0.6841046277665996,0.11176857330703485,0.0018354201007727469,0.005610684006728305,497,0,0,51592.6536,9940.0,41652.6536
LOW_FRICTION,498,0.0025,341,157,85382,2701,0.6847389558232931,0.11209730440499671,0.0018354201007727469,0.0056219731093575375,498,0,0,52352.6536,9960.0,42392.6536
LOW_FRICTION,499,0.0025,341,158,85381,2701,0.6833667334669339,0.11209730440499671,0.0018471106746630191,0.005633262211986769,499,0,0,52352.6536,9980.0,42372.6536
LOW_FRICTION,500,0.0025,342,158,85381,2700,0.684,0.11242603550295859,0.0018471106746630191,0.005644551314616001,500,0,0,52507.053599999985,10000.0,42507.053599999985
LOW_FRICTION,501,0.0025,342,159,85380,2700,0.6826347305389222,0.11242603550295859,0.0018588012485532914,0.005655840417245233,501,0,0,52507.053599999985,10020.0,42487.053599999985
LOW_FRICTION,502,0.0025,343,159,85380,2699,0.6832669322709163,0.11275476660092044,0.0018588012485532914,0.0056671295198744654,502,0,0,52545.416799999985,10040.0,42505.416799999985
LOW_FRICTION,503,0.0025,344,159,85380,2698,0.68389662027833,0.11308349769888232,0.0018588012485532914,0.005678418622503697,503,0,0,52665.4168,10060.0,42605.4168
LOW_FRICTION,504,0.0025,344,160,85379,2698,0.6825396825396826,0.11308349769888232,0.0018704918224435637,0.005689707725132929,504,0,0,52665.4168,10080.0,42585.4168
LOW_FRICTION,505,0.0025,344,161,85378,2698,0.6811881188118812,0.11308349769888232,0.001882182396333836,0.005700996827762162,505,0,0,52665.4168,10100.0,42565.4168
LOW_FRICTION,506,0.0025,345,161,85378,2697,0.6818181818181818,0.11341222879684418,0.001882182396333836,0.005712285930391393,506,0,0,52830.216799999995,10120.0,42710.216799999995
LOW_FRICTION,507,0.0025,346,161,85378,2696,0.6824457593688363,0.11374095989480605,0.001882182396333836,0.005723575033020625,507,0,0,52840.0536,10140.0,42700.0536
LOW_FRICTION,508,0.0025,346,162,85377,2696,0.6811023622047244,0.11374095989480605,0.0018938729702241083,0.005734864135649857,508,0,0,52840.0536,10160.0,42680.0536
LOW_FRICTION,509,0.0025,346,163,85376,2696,0.6797642436149313,0.11374095989480605,0.0019055635441143806,0.0057461532382790895,509,0,0,52840.0536,10180.0,42660.0536
LOW_FRICTION,510,0.0025,346,164,85375,2696,0.6784313725490196,0.11374095989480605,0.0019172541180046529,0.005757442340908321,510,0,0,52840.0536,10200.0,42640.0536
LOW_FRICTION,511,0.0025,346,165,85374,2696,0.6771037181996086,0.11374095989480605,0.0019289446918949252,0.005768731443537553,511,0,0,52840.0536,10220.0,42620.0536
LOW_FRICTION,512,0.0025,347,165,85374,2695,0.677734375,0.11406969099276791,0.0019289446918949252,0.005780020546166785,512,0,0,52920.0536,10240.0,42680.0536
LOW_FRICTION,513,0.0025,348,165,85374,2694,0.6783625730994152,0.11439842209072978,0.0019289446918949252,0.0057913096487960175,513,0,0,52932.54639999999,10260.0,42672.54639999999
LOW_FRICTION,514,0.0025,348,166,85373,2694,0.6770428015564203,0.11439842209072978,0.0019406352657851975,0.005802598751425249,514,0,0,52932.54639999999,10280.0,42652.54639999999
LOW_FRICTION,515,0.0025,348,167,85372,2694,0.6757281553398058,0.11439842209072978,0.0019523258396754698,0.005813887854054481,515,0,0,52932.54639999999,10300.0,42632.54639999999
LOW_FRICTION,516,0.0025,348,168,85371,2694,0.6744186046511628,0.11439842209072978,0.001964016413565742,0.005825176956683714,516,0,0,52932.54639999999,10320.0,42612.54639999999
LOW_FRICTION,517,0.0025,348,169,85370,2694,0.6731141199226306,0.11439842209072978,0.0019757069874560143,0.005836466059312945,517,0,0,52932.54639999999,10340.0,42592.54639999999
LOW_FRICTION,518,0.0025,348,170,85369,2694,0.6718146718146718,0.11439842209072978,0.0019873975613462864,0.005847755161942177,518,0,0,52932.54639999999,10360.0,42572.54639999999
LOW_FRICTION,519,0.0025,349,170,85369,2693,0.6724470134874759,0.11472715318869164,0.0019873975613462864,0.005859044264571409,519,0,0,53006.1464,10380.0,42626.1464
LOW_FRICTION,520,0.0025,349,171,85368,2693,0.6711538461538461,0.11472715318869164,0.001999088135236559,0.005870333367200642,520,0,0,53006.1464,10400.0,42606.1464
LOW_FRICTION,521,0.0025,349,172,85367,2693,0.6698656429942419,0.11472715318869164,0.002010778709126831,0.005881622469829873,521,0,0,53006.1464,10420.0,42586.1464
LOW_FRICTION,522,0.0025,350,172,85367,2692,0.6704980842911877,0.11505588428665352,0.002010778709126831,0.005892911572459105,522,0,0,53433.346399999995,10440.0,42993.346399999995
LOW_FRICTION,523,0.0025,351,172,85367,2691,0.6711281070745698,0.11538461538461539,0.002010778709126831,0.005904200675088337,523,0,0,53833.346399999995,10460.0,43373.346399999995
LOW_FRICTION,524,0.0025,352,172,85367,2690,0.6717557251908397,0.11571334648257725,0.002010778709126831,0.0059154897777175695,524,0,0,53926.94639999999,10480.0,43446.94639999999
LOW_FRICTION,525,0.0025,352,173,85366,2690,0.6704761904761904,0.11571334648257725,0.0020224692830171035,0.005926778880346801,525,0,0,53926.94639999999,10500.0,43426.94639999999
LOW_FRICTION,526,0.0025,352,174,85365,2690,0.6692015209125475,0.11571334648257725,0.0020341598569073756,0.005938067982976033,526,0,0,53926.94639999999,10520.0,43406.94639999999
LOW_FRICTION,527,0.0025,353,174,85365,2689,0.6698292220113852,0.11604207758053912,0.0020341598569073756,0.005949357085605266,527,0,0,53996.788,10540.0,43456.788
LOW_FRICTION,528,0.0025,354,174,85365,2688,0.6704545454545454,0.11637080867850098,0.0020341598569073756,0.005960646188234497,528,0,0,54052.0712,10560.0,43492.0712
LOW_FRICTION,529,0.0025,354,175,85364,2688,0.6691871455576559,0.11637080867850098,0.0020458504307976477,0.005971935290863729,529,0,0,54052.0712,10580.0,43472.0712
LOW_FRICTION,530,0.0025,354,176,85363,2688,0.6679245283018868,0.11637080867850098,0.00205754100468792,0.005983224393492961,530,0,0,54052.0712,10600.0,43452.0712
LOW_FRICTION,531,0.0025,354,177,85362,2688,0.6666666666666666,0.11637080867850098,0.0020692315785781922,0.005994513496122194,531,0,0,54052.0712,10620.0,43432.0712
LOW_FRICTION,532,0.0025,355,177,85362,2687,0.6672932330827067,0.11669953977646286,0.0020692315785781922,0.006005802598751425,532,0,0,54083.6472,10640.0,43443.6472
LOW_FRICTION,533,0.0025,355,178,85361,2687,0.6660412757973734,0.11669953977646286,0.0020809221524684647,0.006017091701380657,533,0,0,54083.6472,10660.0,43423.6472
LOW_FRICTION,534,0.0025,355,179,85360,2687,0.6647940074906367,0.11669953977646286,0.002092612726358737,0.006028380804009889,534,0,0,54083.6472,10680.0,43403.6472
LOW_FRICTION,535,0.0025,356,179,85360,2686,0.6654205607476635,0.11702827087442472,0.002092612726358737,0.0060396699066391215,535,0,0,54103.02559999999,10700.0,43403.02559999999
LOW_FRICTION,536,0.0025,357,179,85360,2685,0.6660447761194029,0.11735700197238659,0.002092612726358737,0.006050959009268353,536,0,0,54136.716799999995,10720.0,43416.716799999995
LOW_FRICTION,537,0.0025,357,180,85359,2685,0.664804469273743,0.11735700197238659,0.0021043033002490093,0.006062248111897585,537,0,0,54136.716799999995,10740.0,43396.716799999995
LOW_FRICTION,538,0.0025,357,181,85358,2685,0.6635687732342007,0.11735700197238659,0.0021159938741392814,0.006073537214526817,538,0,0,54136.716799999995,10760.0,43376.716799999995
LOW_FRICTION,539,0.0025,357,182,85357,2685,0.6623376623376623,0.11735700197238659,0.002127684448029554,0.0060848263171560495,539,0,0,54136.716799999995,10780.0,43356.716799999995
LOW_FRICTION,540,0.0025,358,182,85357,2684,0.662962962962963,0.11768573307034845,0.002127684448029554,0.006096115419785281,540,0,0,54165.04639999999,10800.0,43365.04639999999
LOW_FRICTION,541,0.0025,359,182,85357,2683,0.6635859519408502,0.11801446416831032,0.002127684448029554,0.006107404522414513,541,0,0,54565.04639999999,10820.0,43745.04639999999
LOW_FRICTION,542,0.0025,359,183,85356,2683,0.6623616236162362,0.11801446416831032,0.002139375021919826,0.006118693625043746,542,0,0,54565.04639999999,10840.0,43725.04639999999
LOW_FRICTION,543,0.0025,360,183,85356,2682,0.6629834254143646,0.11834319526627218,0.002139375021919826,0.006129982727672977,543,0,0,54921.04639999999,10860.0,44061.04639999999
LOW_FRICTION,544,0.0025,360,184,85355,2682,0.6617647058823529,0.11834319526627218,0.0021510655958100985,0.006141271830302209,544,0,0,54921.04639999999,10880.0,44041.04639999999
LOW_FRICTION,545,0.0025,360,185,85354,2682,0.6605504587155964,0.11834319526627218,0.0021627561697003706,0.006152560932931441,545,0,0,54921.04639999999,10900.0,44021.04639999999
LOW_FRICTION,546,0.0025,361,185,85354,2681,0.6611721611721612,0.11867192636423406,0.0021627561697003706,0.0061638500355606736,546,0,0,55161.04639999999,10920.0,44241.04639999999
LOW_FRICTION,547,0.0025,361,186,85353,2681,0.659963436928702,0.11867192636423406,0.002174446743590643,0.006175139138189905,547,0,0,55161.04639999999,10940.0,44221.04639999999
LOW_FRICTION,548,0.0025,362,186,85353,2680,0.6605839416058394,0.11900065746219593,0.002174446743590643,0.006186428240819137,548,0,0,55177.04639999999,10960.0,44217.04639999999
LOW_FRICTION,549,0.0025,362,187,85352,2680,0.6593806921675774,0.11900065746219593,0.002186137317480915,0.006197717343448369,549,0,0,55177.04639999999,10980.0,44197.04639999999
LOW_FRICTION,550,0.0025,362,188,85351,2680,0.6581818181818182,0.11900065746219593,0.0021978278913711872,0.0062090064460776015,550,0,0,55177.04639999999,11000.0,44177.04639999999
LOW_FRICTION,551,0.0025,363,188,85351,2679,0.6588021778584392,0.11932938856015779,0.0021978278913711872,0.006220295548706833,551,0,0,55257.04639999999,11020.0,44237.04639999999
LOW_FRICTION,552,0.0025,364,188,85351,2678,0.6594202898550725,0.11965811965811966,0.0021978278913711872,0.006231584651336065,552,0,0,55337.04639999999,11040.0,44297.04639999999
LOW_FRICTION,553,0.0025,364,189,85350,2678,0.6582278481012658,0.11965811965811966,0.0022095184652614597,0.006242873753965298,553,0,0,55337.04639999999,11060.0,44277.04639999999
LOW_FRICTION,554,0.0025,364,190,85349,2678,0.6570397111913358,0.11965811965811966,0.002221209039151732,0.006254162856594529,554,0,0,55337.04639999999,11080.0,44257.04639999999
LOW_FRICTION,555,0.0025,364,191,85348,2678,0.6558558558558558,0.11965811965811966,0.0022328996130420043,0.006265451959223761,555,0,0,55337.04639999999,11100.0,44237.04639999999
LOW_FRICTION,556,0.0025,364,192,85347,2678,0.6546762589928058,0.11965811965811966,0.0022445901869322764,0.006276741061852993,556,0,0,55337.04639999999,11120.0,44217.04639999999
LOW_FRICTION,557,0.0025,365,192,85347,2677,0.6552962298025135,0.11998685075608152,0.0022445901869322764,0.006288030164482226,557,0,0,55737.04639999999,11140.0,44597.04639999999
LOW_FRICTION,558,0.0025,365,193,85346,2677,0.6541218637992832,0.11998685075608152,0.002256280760822549,0.006299319267111457,558,0,0,55737.04639999999,11160.0,44577.04639999999
LOW_FRICTION,559,0.0025,365,194,85345,2677,0.6529516994633273,0.11998685075608152,0.002267971334712821,0.006310608369740689,559,0,0,55737.04639999999,11180.0,44557.04639999999
LOW_FRICTION,560,0.0025,366,194,85345,2676,0.6535714285714286,0.1203155818540434,0.002267971334712821,0.006321897472369921,560,0,0,55747.4736,11200.0,44547.4736
LOW_FRICTION,561,0.0025,366,195,85344,2676,0.6524064171122995,0.1203155818540434,0.0022796619086030935,0.0063331865749991535,561,0,0,55747.4736,11220.0,44527.4736
LOW_FRICTION,562,0.0025,366,196,85343,2676,0.6512455516014235,0.1203155818540434,0.0022913524824933655,0.006344475677628385,562,0,0,55747.4736,11240.0,44507.4736
LOW_FRICTION,563,0.0025,366,197,85342,2676,0.650088809946714,0.1203155818540434,0.002303043056383638,0.006355764780257617,563,0,0,55747.4736,11260.0,44487.4736
LOW_FRICTION,564,0.0025,366,198,85341,2676,0.648936170212766,0.1203155818540434,0.00231473363027391,0.00636705388288685,564,0,0,55747.4736,11280.0,44467.4736
LOW_FRICTION,565,0.0025,366,199,85340,2676,0.647787610619469,0.1203155818540434,0.0023264242041641826,0.0063783429855160815,565,0,0,55747.4736,11300.0,44447.4736
LOW_FRICTION,566,0.0025,367,199,85340,2675,0.6484098939929329,0.12064431295200526,0.0023264242041641826,0.006389632088145313,566,0,0,55759.4736,11320.0,44439.4736
LOW_FRICTION,567,0.0025,368,199,85340,2674,0.6490299823633157,0.12097304404996713,0.0023264242041641826,0.006400921190774545,567,0,0,55797.836800000005,11340.0,44457.836800000005
LOW_FRICTION,568,0.0025,368,200,85339,2674,0.647887323943662,0.12097304404996713,0.0023381147780544547,0.006412210293403778,568,0,0,55797.836800000005,11360.0,44437.836800000005
LOW_FRICTION,569,0.0025,368,201,85338,2674,0.6467486818980668,0.12097304404996713,0.002349805351944727,0.006423499396033009,569,0,0,55797.836800000005,11380.0,44417.836800000005
LOW_FRICTION,570,0.0025,369,201,85338,2673,0.6473684210526316,0.12130177514792899,0.002349805351944727,0.006434788498662241,570,0,0,55808.263999999996,11400.0,44408.263999999996
LOW_FRICTION,571,0.0025,370,201,85338,2672,0.647985989492119,0.12163050624589086,0.002349805351944727,0.006446077601291473,571,0,0,56603.46400000001,11420.0,45183.46400000001
LOW_FRICTION,572,0.0025,371,201,85338,2671,0.6486013986013986,0.12195923734385272,0.002349805351944727,0.0064573667039207056,572,0,0,56646.35279999999,11440.0,45206.35279999999
LOW_FRICTION,573,0.0025,372,201,85338,2670,0.6492146596858639,0.1222879684418146,0.002349805351944727,0.006468655806549937,573,0,0,56709.209599999995,11460.0,45249.209599999995
LOW_FRICTION,574,0.0025,372,202,85337,2670,0.6480836236933798,0.1222879684418146,0.0023614959258349993,0.006479944909179169,574,0,0,56709.209599999995,11480.0,45229.209599999995
LOW_FRICTION,575,0.0025,372,203,85336,2670,0.6469565217391304,0.1222879684418146,0.0023731864997252714,0.006491234011808402,575,0,0,56709.209599999995,11500.0,45209.209599999995
LOW_FRICTION,576,0.0025,372,204,85335,2670,0.6458333333333334,0.1222879684418146,0.002384877073615544,0.0065025231144376335,576,0,0,56709.209599999995,11520.0,45189.209599999995
LOW_FRICTION,577,0.0025,372,205,85334,2670,0.6447140381282496,0.1222879684418146,0.002396567647505816,0.006513812217066865,577,0,0,56709.209599999995,11540.0,45169.209599999995
LOW_FRICTION,578,0.0025,372,206,85333,2670,0.643598615916955,0.1222879684418146,0.0024082582213960885,0.006525101319696097,578,0,0,56709.209599999995,11560.0,45149.209599999995
LOW_FRICTION,579,0.0025,373,206,85333,2669,0.6442141623488774,0.12261669953977647,0.0024082582213960885,0.00653639042232533,579,0,0,56719.15840000001,11580.0,45139.15840000001
LOW_FRICTION,580,0.0025,374,206,85333,2668,0.6448275862068965,0.12294543063773833,0.0024082582213960885,0.006547679524954561,580,0,0,56723.1912,11600.0,45123.1912
LOW_FRICTION,581,0.0025,374,207,85332,2668,0.6437177280550774,0.12294543063773833,0.0024199487952863605,0.006558968627583793,581,0,0,56723.1912,11620.0,45103.1912
LOW_FRICTION,582,0.0025,374,208,85331,2668,0.6426116838487973,0.12294543063773833,0.002431639369176633,0.006570257730213025,582,0,0,56723.1912,11640.0,45083.1912
LOW_FRICTION,583,0.0025,374,209,85330,2668,0.6415094339622641,0.12294543063773833,0.002443329943066905,0.006581546832842258,583,0,0,56723.1912,11660.0,45063.1912
LOW_FRICTION,584,0.0025,374,210,85329,2668,0.6404109589041096,0.12294543063773833,0.0024550205169571776,0.006592835935471489,584,0,0,56723.1912,11680.0,45043.1912
LOW_FRICTION,585,0.0025,374,211,85328,2668,0.6393162393162393,0.12294543063773833,0.0024667110908474497,0.006604125038100721,585,0,0,56723.1912,11700.0,45023.1912
LOW_FRICTION,586,0.0025,375,211,85328,2667,0.6399317406143344,0.1232741617357002,0.0024667110908474497,0.006615414140729954,586,0,0,56739.191199999994,11720.0,45019.191199999994
LOW_FRICTION,587,0.0025,375,212,85327,2667,0.6388415672913118,0.1232741617357002,0.0024784016647377218,0.0066267032433591855,587,0,0,56739.191199999994,11740.0,44999.191199999994
LOW_FRICTION,588,0.0025,376,212,85327,2666,0.6394557823129252,0.12360289283366206,0.0024784016647377218,0.006637992345988417,588,0,0,56899.1912,11760.0,45139.1912
LOW_FRICTION,589,0.0025,377,212,85327,2665,0.6400679117147708,0.12393162393162394,0.0024784016647377218,0.006649281448617649,589,0,0,56909.61840000001,11780.0,45129.61840000001
LOW_FRICTION,590,0.0025,377,213,85326,2665,0.6389830508474577,0.12393162393162394,0.0024900922386279943,0.006660570551246882,590,0,0,56909.61840000001,11800.0,45109.61840000001
BALANCED,1355,0.01,579,776,84763,2463,0.4273062730627306,0.1903353057199211,0.009071885338851284,0.015296734062609363,1355,0,0,85420.30320000001,27100.0,58320.30320000001
BALANCED,1356,0.01,579,777,84762,2463,0.4269911504424779,0.1903353057199211,0.009083575912741556,0.015308023165238596,1356,0,0,85420.30320000001,27120.0,58300.30320000001
BALANCED,1357,0.01,580,777,84762,2462,0.42741341193809873,0.19066403681788296,0.009083575912741556,0.015319312267867827,1357,0,0,85438.50160000002,27140.0,58298.50160000002
BALANCED,1358,0.01,580,778,84761,2462,0.4270986745213549,0.19066403681788296,0.009095266486631828,0.01533060137049706,1358,0,0,85438.50160000002,27160.0,58278.50160000002
BALANCED,1359,0.01,580,779,84760,2462,0.42678440029433407,0.19066403681788296,0.009106957060522102,0.015341890473126292,1359,0,0,85438.50160000002,27180.0,58258.50160000002
BALANCED,1360,0.01,580,780,84759,2462,0.4264705882352941,0.19066403681788296,0.009118647634412374,0.015353179575755523,1360,0,0,85438.50160000002,27200.0,58238.50160000002
BALANCED,1361,0.01,580,781,84758,2462,0.426157237325496,0.19066403681788296,0.009130338208302646,0.015364468678384756,1361,0,0,85438.50160000002,27220.0,58218.50160000002
BALANCED,1362,0.01,580,782,84757,2462,0.42584434654919234,0.19066403681788296,0.009142028782192918,0.015375757781013986,1362,0,0,85438.50160000002,27240.0,58198.50160000002
BALANCED,1363,0.01,580,783,84756,2462,0.425531914893617,0.19066403681788296,0.00915371935608319,0.015387046883643219,1363,0,0,85438.50160000002,27260.0,58178.50160000002
BALANCED,1364,0.01,580,784,84755,2462,0.4252199413489736,0.19066403681788296,0.009165409929973462,0.015398335986272452,1364,0,0,85438.50160000002,27280.0,58158.50160000002
BALANCED,1365,0.01,580,785,84754,2462,0.4249084249084249,0.19066403681788296,0.009177100503863734,0.015409625088901683,1365,0,0,85438.50160000002,27300.0,58138.50160000002
BALANCED,1366,0.01,580,786,84753,2462,0.424597364568082,0.19066403681788296,0.009188791077754006,0.015420914191530915,1366,0,0,85438.50160000002,27320.0,58118.50160000002
BALANCED,1367,0.01,580,787,84752,2462,0.4242867593269934,0.19066403681788296,0.009200481651644278,0.015432203294160148,1367,0,0,85438.50160000002,27340.0,58098.50160000002
BALANCED,1368,0.01,580,788,84751,2462,0.4239766081871345,0.19066403681788296,0.009212172225534552,0.015443492396789379,1368,0,0,85438.50160000002,27360.0,58078.50160000002
BALANCED,1369,0.01,580,789,84750,2462,0.42366691015339664,0.19066403681788296,0.009223862799424824,0.015454781499418611,1369,0,0,85438.50160000002,27380.0,58058.50160000002
BALANCED,1370,0.01,580,790,84749,2462,0.4233576642335766,0.19066403681788296,0.009235553373315096,0.015466070602047844,1370,0,0,85438.50160000002,27400.0,58038.50160000002
BALANCED,1371,0.01,580,791,84748,2462,0.42304886943836617,0.19066403681788296,0.009247243947205368,0.015477359704677075,1371,0,0,85438.50160000002,27420.0,58018.50160000002
BALANCED,1372,0.01,580,792,84747,2462,0.4227405247813411,0.19066403681788296,0.00925893452109564,0.015488648807306308,1372,0,0,85438.50160000002,27440.0,57998.50160000002
BALANCED,1373,0.01,580,793,84746,2462,0.4224326292789512,0.19066403681788296,0.009270625094985913,0.015499937909935538,1373,0,0,85438.50160000002,27460.0,57978.50160000002
BALANCED,1374,0.01,580,794,84745,2462,0.42212518195050946,0.19066403681788296,0.009282315668876185,0.015511227012564771,1374,0,0,85438.50160000002,27480.0,57958.50160000002
BALANCED,1375,0.01,580,795,84744,2462,0.4218181818181818,0.19066403681788296,0.009294006242766457,0.015522516115194004,1375,0,0,85438.50160000002,27500.0,57938.50160000002
BALANCED,1376,0.01,580,796,84743,2462,0.42151162790697677,0.19066403681788296,0.00930569681665673,0.015533805217823235,1376,0,0,85438.50160000002,27520.0,57918.50160000002
BALANCED,1377,0.01,580,797,84742,2462,0.4212055192447349,0.19066403681788296,0.009317387390547003,0.015545094320452467,1377,0,0,85438.50160000002,27540.0,57898.50160000002
BALANCED,1378,0.01,580,798,84741,2462,0.420899854862119,0.19066403681788296,0.009329077964437275,0.0155563834230817,1378,0,0,85438.50160000002,27560.0,57878.50160000002
BALANCED,1379,0.01,580,799,84740,2462,0.4205946337926033,0.19066403681788296,0.009340768538327547,0.01556767252571093,1379,0,0,85438.50160000002,27580.0,57858.50160000002
BALANCED,1380,0.01,580,800,84739,2462,0.42028985507246375,0.19066403681788296,0.009352459112217819,0.015578961628340163,1380,0,0,85438.50160000002,27600.0,57838.50160000002
BALANCED,1381,0.01,580,801,84738,2462,0.41998551774076753,0.19066403681788296,0.009364149686108091,0.015590250730969396,1381,0,0,85438.50160000002,27620.0,57818.50160000002
BALANCED,1382,0.01,581,801,84738,2461,0.4204052098408104,0.19099276791584485,0.009364149686108091,0.015601539833598627,1382,0,0,85467.2744,27640.0,57827.274399999995
BALANCED,1383,0.01,581,802,84737,2461,0.4201012292118583,0.19099276791584485,0.009375840259998363,0.01561282893622786,1383,0,0,85467.2744,27660.0,57807.274399999995
BALANCED,1384,0.01,581,803,84736,2461,0.4197976878612717,0.19099276791584485,0.009387530833888635,0.01562411803885709,1384,0,0,85467.2744,27680.0,57787.274399999995
BALANCED,1385,0.01,582,803,84736,2460,0.4202166064981949,0.1913214990138067,0.009387530833888635,0.015635407141486323,1385,0,0,85498.8504,27700.0,57798.850399999996
BALANCED,1386,0.01,583,803,84736,2459,0.42063492063492064,0.19165023011176857,0.009387530833888635,0.015646696244115556,1386,0,0,85920.45040000002,27720.0,58200.450400000016
BALANCED,1387,0.01,583,804,84735,2459,0.42033165104542175,0.19165023011176857,0.009399221407778907,0.01565798534674479,1387,0,0,85920.45040000002,27740.0,58180.450400000016
BALANCED,1388,0.01,583,805,84734,2459,0.420028818443804,0.19165023011176857,0.009410911981669181,0.015669274449374018,1388,0,0,85920.45040000002,27760.0,58160.450400000016
BALANCED,1389,0.01,583,806,84733,2459,0.4197264218862491,0.19165023011176857,0.009422602555559453,0.01568056355200325,1389,0,0,85920.45040000002,27780.0,58140.450400000016
BALANCED,1390,0.01,584,806,84733,2458,0.4201438848920863,0.19197896120973043,0.009422602555559453,0.015691852654632483,1390,0,0,86715.6504,27800.0,58915.6504
BALANCED,1391,0.01,584,807,84732,2458,0.41984184040258804,0.19197896120973043,0.009434293129449725,0.015703141757261715,1391,0,0,86715.6504,27820.0,58895.6504
BALANCED,1392,0.01,584,808,84731,2458,0.41954022988505746,0.19197896120973043,0.009445983703339997,0.015714430859890948,1392,0,0,86715.6504,27840.0,58875.6504
BALANCED,1393,0.01,584,809,84730,2458,0.4192390524048816,0.19197896120973043,0.00945767427723027,0.01572571996252018,1393,0,0,86715.6504,27860.0,58855.6504
BALANCED,1394,0.01,584,810,84729,2458,0.41893830703012913,0.19197896120973043,0.009469364851120541,0.01573700906514941,1394,0,0,86715.6504,27880.0,58835.6504
BALANCED,1395,0.01,584,811,84728,2458,0.41863799283154124,0.19197896120973043,0.009481055425010813,0.015748298167778643,1395,0,0,86715.6504,27900.0,58815.6504
BALANCED,1396,0.01,584,812,84727,2458,0.4183381088825215,0.19197896120973043,0.009492745998901085,0.015759587270407875,1396,0,0,86715.6504,27920.0,58795.6504
BALANCED,1397,0.01,584,813,84726,2458,0.4180386542591267,0.19197896120973043,0.009504436572791358,0.015770876373037108,1397,0,0,86715.6504,27940.0,58775.6504
BALANCED,1398,0.01,584,814,84725,2458,0.4177396280400572,0.19197896120973043,0.009516127146681631,0.01578216547566634,1398,0,0,86715.6504,27960.0,58755.6504
BALANCED,1399,0.01,584,815,84724,2458,0.4174410293066476,0.19197896120973043,0.009527817720571903,0.01579345457829557,1399,0,0,86715.6504,27980.0,58735.6504
BALANCED,1400,0.01,584,816,84723,2458,0.41714285714285715,0.19197896120973043,0.009539508294462175,0.015804743680924802,1400,0,0,86715.6504,28000.0,58715.6504
BALANCED,1401,0.01,584,817,84722,2458,0.41684511063526053,0.19197896120973043,0.009551198868352448,0.015816032783554035,1401,0,0,86715.6504,28020.0,58695.6504
BALANCED,1402,0.01,584,818,84721,2458,0.4165477888730385,0.19197896120973043,0.00956288944224272,0.015827321886183267,1402,0,0,86715.6504,28040.0,58675.6504
BALANCED,1403,0.01,584,819,84720,2458,0.41625089094796863,0.19197896120973043,0.009574580016132992,0.0158386109888125,1403,0,0,86715.6504,28060.0,58655.6504
BALANCED,1404,0.01,584,820,84719,2458,0.41595441595441596,0.19197896120973043,0.009586270590023264,0.015849900091441733,1404,0,0,86715.6504,28080.0,58635.6504
BALANCED,1405,0.01,585,820,84719,2457,0.41637010676156583,0.19230769230769232,0.009586270590023264,0.015861189194070962,1405,0,0,87915.6504,28100.0,59815.6504
BALANCED,1406,0.01,585,821,84718,2457,0.41607396870554764,0.19230769230769232,0.009597961163913536,0.015872478296700195,1406,0,0,87915.6504,28120.0,59795.6504
BALANCED,1407,0.01,585,822,84717,2457,0.4157782515991471,0.19230769230769232,0.009609651737803808,0.015883767399329427,1407,0,0,87915.6504,28140.0,59775.6504
BALANCED,1408,0.01,585,823,84716,2457,0.41548295454545453,0.19230769230769232,0.009621342311694082,0.01589505650195866,1408,0,0,87915.6504,28160.0,59755.6504
BALANCED,1409,0.01,586,823,84716,2456,0.41589779985805536,0.19263642340565418,0.009621342311694082,0.015906345604587892,1409,0,0,88075.6504,28180.0,59895.6504
BALANCED,1410,0.01,586,824,84715,2456,0.4156028368794326,0.19263642340565418,0.009633032885584354,0.01591763470721712,1410,0,0,88075.6504,28200.0,59875.6504
BALANCED,1411,0.01,587,824,84715,2455,0.4160170092133239,0.19296515450361604,0.009633032885584354,0.015928923809846354,1411,0,0,88325.2104,28220.0,60105.210399999996
BALANCED,1412,0.01,587,825,84714,2455,0.4157223796033994,0.19296515450361604,0.009644723459474626,0.015940212912475587,1412,0,0,88325.2104,28240.0,60085.210399999996
BALANCED,1413,0.01,587,826,84713,2455,0.4154281670205237,0.19296515450361604,0.009656414033364898,0.01595150201510482,1413,0,0,88325.2104,28260.0,60065.210399999996
BALANCED,1414,0.01,587,827,84712,2455,0.41513437057991515,0.19296515450361604,0.00966810460725517,0.015962791117734052,1414,0,0,88325.2104,28280.0,60045.210399999996
BALANCED,1415,0.01,587,828,84711,2455,0.4148409893992933,0.19296515450361604,0.009679795181145442,0.015974080220363285,1415,0,0,88325.2104,28300.0,60025.210399999996
BALANCED,1416,0.01,587,829,84710,2455,0.4145480225988701,0.19296515450361604,0.009691485755035714,0.015985369322992514,1416,0,0,88325.2104,28320.0,60005.210399999996
BALANCED,1417,0.01,587,830,84709,2455,0.4142554693013409,0.19296515450361604,0.009703176328925986,0.015996658425621747,1417,0,0,88325.2104,28340.0,59985.210399999996
BALANCED,1418,0.01,587,831,84708,2455,0.4139633286318759,0.19296515450361604,0.00971486690281626,0.01600794752825098,1418,0,0,88325.2104,28360.0,59965.210399999996
BALANCED,1419,0.01,587,832,84707,2455,0.41367159971811135,0.19296515450361604,0.009726557476706532,0.016019236630880212,1419,0,0,88325.2104,28380.0,59945.210399999996
BALANCED,1420,0.01,588,832,84707,2454,0.4140845070422535,0.1932938856015779,0.009726557476706532,0.016030525733509444,1420,0,0,88364.41040000001,28400.0,59964.41040000001
BALANCED,1421,0.01,588,833,84706,2454,0.41379310344827586,0.1932938856015779,0.009738248050596804,0.016041814836138674,1421,0,0,88364.41040000001,28420.0,59944.41040000001
BALANCED,1422,0.01,588,834,84705,2454,0.41350210970464135,0.1932938856015779,0.009749938624487076,0.016053103938767906,1422,0,0,88364.41040000001,28440.0,59924.41040000001
BALANCED,1423,0.01,588,835,84704,2454,0.41321152494729446,0.1932938856015779,0.009761629198377348,0.01606439304139714,1423,0,0,88364.41040000001,28460.0,59904.41040000001
BALANCED,1424,0.01,589,835,84704,2453,0.413623595505618,0.19362261669953978,0.009761629198377348,0.01607568214402637,1424,0,0,88807.6104,28480.0,60327.610400000005
BALANCED,1425,0.01,590,835,84704,2452,0.41403508771929826,0.19395134779750164,0.009761629198377348,0.016086971246655604,1425,0,0,88819.9064,28500.0,60319.90640000001
BALANCED,1426,0.01,590,836,84703,2452,0.41374474053295934,0.19395134779750164,0.00977331977226762,0.016098260349284837,1426,0,0,88819.9064,28520.0,60299.90640000001
BALANCED,1427,0.01,591,836,84703,2451,0.4141555711282411,0.1942800788954635,0.00977331977226762,0.016109549451914066,1427,0,0,88902.0776,28540.0,60362.077600000004
BALANCED,1428,0.01,592,836,84703,2450,0.41456582633053224,0.1946088099934254,0.00977331977226762,0.0161208385545433,1428,0,0,88984.2488,28560.0,60424.2488
BALANCED,1429,0.01,593,836,84703,2449,0.41497550734779565,0.19493754109138725,0.00977331977226762,0.01613212765717253,1429,0,0,89004.2488,28580.0,60424.2488
BALANCED,1430,0.01,594,836,84703,2448,0.4153846153846154,0.1952662721893491,0.00977331977226762,0.016143416759801764,1430,0,0,89034.74320000001,28600.0,60434.74320000001
BALANCED,1431,0.01,594,837,84702,2448,0.41509433962264153,0.1952662721893491,0.009785010346157893,0.016154705862430997,1431,0,0,89034.74320000001,28620.0,60414.74320000001
BALANCED,1432,0.01,594,838,84701,2448,0.41480446927374304,0.1952662721893491,0.009796700920048165,0.016165994965060226,1432,0,0,89034.74320000001,28640.0,60394.74320000001
BALANCED,1433,0.01,594,839,84700,2448,0.4145150034891835,0.1952662721893491,0.009808391493938437,0.01617728406768946,1433,0,0,89034.74320000001,28660.0,60374.74320000001
BALANCED,1434,0.01,594,840,84699,2448,0.41422594142259417,0.1952662721893491,0.00982008206782871,0.01618857317031869,1434,0,0,89034.74320000001,28680.0,60354.74320000001
BALANCED,1435,0.01,594,841,84698,2448,0.4139372822299652,0.1952662721893491,0.009831772641718983,0.016199862272947924,1435,0,0,89034.74320000001,28700.0,60334.74320000001
BALANCED,1436,0.01,594,842,84697,2448,0.4136490250696379,0.1952662721893491,0.009843463215609255,0.016211151375577156,1436,0,0,89034.74320000001,28720.0,60314.74320000001
BALANCED,1437,0.01,594,843,84696,2448,0.4133611691022965,0.1952662721893491,0.009855153789499527,0.01622244047820639,1437,0,0,89034.74320000001,28740.0,60294.74320000001
BALANCED,1438,0.01,595,843,84696,2447,0.413769123783032,0.19559500328731097,0.009855153789499527,0.016233729580835618,1438,0,0,89074.74320000001,28760.0,60314.74320000001
BALANCED,1439,0.01,595,844,84695,2447,0.4134815844336345,0.19559500328731097,0.009866844363389799,0.01624501868346485,1439,0,0,89074.74320000001,28780.0,60294.74320000001
BALANCED,1440,0.01,595,845,84694,2447,0.4131944444444444,0.19559500328731097,0.00987853493728007,0.016256307786094083,1440,0,0,89074.74320000001,28800.0,60274.74320000001
BALANCED,1441,0.01,596,845,84694,2446,0.41360166551006244,0.19592373438527286,0.00987853493728007,0.016267596888723316,1441,0,0,89094.74320000001,28820.0,60274.74320000001
BALANCED,1442,0.01,596,846,84693,2446,0.4133148404993065,0.19592373438527286,0.009890225511170343,0.01627888599135255,1442,0,0,89094.74320000001,28840.0,60254.74320000001
BALANCED,1443,0.01,596,847,84692,2446,0.41302841302841303,0.19592373438527286,0.009901916085060615,0.016290175093981778,1443,0,0,89094.74320000001,28860.0,60234.74320000001
BALANCED,1444,0.01,596,848,84691,2446,0.41274238227146814,0.19592373438527286,0.009913606658950887,0.01630146419661101,1444,0,0,89094.74320000001,28880.0,60214.74320000001
BALANCED,1445,0.01,596,849,84690,2446,0.4124567474048443,0.19592373438527286,0.009925297232841161,0.016312753299240243,1445,0,0,89094.74320000001,28900.0,60194.74320000001
BALANCED,1446,0.01,597,849,84690,2445,0.41286307053941906,0.19625246548323472,0.009925297232841161,0.016324042401869476,1446,0,0,89110.38400000002,28920.0,60190.38400000002
BALANCED,1447,0.01,597,850,84689,2445,0.41257774706288874,0.19625246548323472,0.009936987806731433,0.016335331504498708,1447,0,0,89110.38400000002,28940.0,60170.38400000002
BALANCED,1448,0.01,598,850,84689,2444,0.4129834254143646,0.19658119658119658,0.009936987806731433,0.01634662060712794,1448,0,0,89147.272,28960.0,60187.272
BALANCED,1449,0.01,598,851,84688,2444,0.4126984126984127,0.19658119658119658,0.009948678380621705,0.01635790970975717,1449,0,0,89147.272,28980.0,60167.272
BALANCED,1450,0.01,598,852,84687,2444,0.4124137931034483,0.19658119658119658,0.009960368954511977,0.016369198812386403,1450,0,0,89147.272,29000.0,60147.272
BALANCED,1451,0.01,599,852,84687,2443,0.4128187456926258,0.19690992767915844,0.009960368954511977,0.016380487915015635,1451,0,0,89224.6384,29020.0,60204.638399999996
BALANCED,1452,0.01,600,852,84687,2442,0.4132231404958678,0.19723865877712032,0.009960368954511977,0.016391777017644868,1452,0,0,89262.41200000001,29040.0,60222.41200000001
BALANCED,1453,0.01,600,853,84686,2442,0.41293874741913283,0.19723865877712032,0.00997205952840225,0.0164030661202741,1453,0,0,89262.41200000001,29060.0,60202.41200000001
BALANCED,1454,0.01,600,854,84685,2442,0.4126547455295736,0.19723865877712032,0.009983750102292521,0.01641435522290333,1454,0,0,89262.41200000001,29080.0,60182.41200000001
BALANCED,1455,0.01,600,855,84684,2442,0.41237113402061853,0.19723865877712032,0.009995440676182793,0.016425644325532562,1455,0,0,89262.41200000001,29100.0,60162.41200000001
